Age,Gender,Location_Type,Budget_Range,Practical_Skills,Interest_Area,Work_Mode,Risk_Tolerance,Recommended_Business_Idea,Business_Category,Feasibility_Score
31,Female,Semi-Urban,High (50k+),"Cleaning, Domestic Work",Retail,Both,Low,Beauty & Hair Care Services,Beauty,0.79
43,Female,Urban,High (50k+),"Beautician, Hair Styling",Food,Offline,High,Homemade Pickle & Snack Sales,Food & Beverage,0.82
25,Male,Urban,Medium (10k–50k),"Cleaning, Domestic Work",Art & Craft,Online,Medium,Beauty & Hair Care Services,Beauty,0.73
20,Female,Semi-Urban,Medium (10k–50k),"Gardening, Plant Care",Food,Offline,High,Home Cleaning Services,Domestic Services,0.86
36,Female,Urban,Low (0–10k),"Gardening, Plant Care",Technology,Online,Medium,WhatsApp-based Reselling,E-commerce,0.88
33,Female,Rural,Low (0–10k),"Tailoring, Stitching",Clothing,Offline,Low,Small-scale Dairy Farming,Agriculture,0.71
21,Female,Rural,Medium (10k–50k),"Gardening, Plant Care",Retail,Online,High,Plant Nursery Business,Agriculture,0.71
41,Female,Semi-Urban,Medium (10k–50k),"Cooking, Snack Making",Retail,Both,High,Plant Nursery Business,Agriculture,0.78
23,Female,Urban,High (50k+),"Beautician, Hair Styling",Food,Both,Low,Home-based Tailoring Service,Apparel,0.69
45,Male,Rural,Low (0–10k),"Beautician, Hair Styling",Clothing,Online,Low,Beauty & Hair Care Services,Beauty,0.88
41,Female,Semi-Urban,Medium (10k–50k),"Cleaning, Domestic Work",Agriculture,Both,High,Small-scale Dairy Farming,Agriculture,0.79
28,Female,Rural,High (50k+),"Farming, Animal Care",Art & Craft,Both,High,Homemade Pickle & Snack Sales,Food & Beverage,0.89
23,Female,Rural,Low (0–10k),"Gardening, Plant Care",Education,Online,Medium,Home Cleaning Services,Domestic Services,0.77
34,Female,Semi-Urban,Medium (10k–50k),"Gardening, Plant Care",Education,Online,High,Small-scale Dairy Farming,Agriculture,0.78
45,Male,Urban,Medium (10k–50k),"Gardening, Plant Care",Education,Online,Medium,Event Photography,Creative Services,0.91
21,Female,Urban,Low (0–10k),"Farming, Animal Care",Education,Offline,Medium,Home-based Tailoring Service,Apparel,0.71
42,Female,Semi-Urban,Low (0–10k),"Photography, Video Editing",Clothing,Offline,High,Beauty & Hair Care Services,Beauty,0.68
35,Female,Urban,Medium (10k–50k),"Handicrafts, Weaving",Education,Both,Medium,Plant Nursery Business,Agriculture,0.75
32,Female,Semi-Urban,High (50k+),"Handicrafts, Weaving",Technology,Offline,High,Home Cleaning Services,Domestic Services,0.73
49,Female,Urban,Medium (10k–50k),"Photography, Video Editing",Beauty,Both,Medium,Small-scale Dairy Farming,Agriculture,0.77
28,Female,Urban,High (50k+),"Photography, Video Editing",Retail,Both,Low,Home-based Tailoring Service,Apparel,0.78
50,Female,Rural,Medium (10k–50k),"Teaching Kids, Storytelling",Education,Both,Medium,Plant Nursery Business,Agriculture,0.64
45,Male,Semi-Urban,Medium (10k–50k),"Beautician, Hair Styling",Beauty,Offline,High,Event Photography,Creative Services,0.85
31,Female,Urban,High (50k+),"Teaching Kids, Storytelling",Technology,Offline,Medium,Home-based Tailoring Service,Apparel,0.94
49,Female,Rural,High (50k+),"Cleaning, Domestic Work",Education,Online,Medium,Handmade Craft & Jewelry Sales,Art & Craft,0.72
43,Female,Semi-Urban,Medium (10k–50k),"Beautician, Hair Styling",Art & Craft,Online,Medium,Handmade Craft & Jewelry Sales,Art & Craft,0.85
37,Female,Semi-Urban,Medium (10k–50k),"Handicrafts, Weaving",Technology,Online,Medium,Handmade Craft & Jewelry Sales,Art & Craft,0.75
32,Female,Urban,Low (0–10k),"Photography, Video Editing",Art & Craft,Offline,High,Home-based Tailoring Service,Apparel,0.71
46,Male,Urban,High (50k+),"Cooking, Snack Making",Agriculture,Offline,Medium,Home-based Tailoring Service,Apparel,0.68
47,Female,Semi-Urban,Low (0–10k),"Photography, Video Editing",Clothing,Online,High,Beauty & Hair Care Services,Beauty,0.75
31,Female,Semi-Urban,Medium (10k–50k),"Farming, Animal Care",Education,Both,High,Home Cleaning Services,Domestic Services,0.79
35,Male,Urban,Medium (10k–50k),"Handicrafts, Weaving",Education,Offline,Medium,Plant Nursery Business,Agriculture,0.8
21,Female,Rural,High (50k+),"Tailoring, Stitching",Technology,Both,High,Event Photography,Creative Services,0.92
39,Female,Semi-Urban,Medium (10k–50k),"Cooking, Snack Making",Agriculture,Offline,Low,Beauty & Hair Care Services,Beauty,0.81
44,Male,Urban,Medium (10k–50k),"Teaching Kids, Storytelling",Agriculture,Online,Medium,WhatsApp-based Reselling,E-commerce,0.92
42,Male,Semi-Urban,Low (0–10k),"Smartphone Usage, Online Sales",Retail,Both,Medium,Plant Nursery Business,Agriculture,0.8
42,Female,Semi-Urban,High (50k+),"Farming, Animal Care",Clothing,Offline,High,Event Photography,Creative Services,0.75
28,Male,Rural,Low (0–10k),"Tailoring, Stitching",Art & Craft,Offline,Low,Home-based Tailoring Service,Apparel,0.69
32,Female,Semi-Urban,Medium (10k–50k),"Beautician, Hair Styling",Food,Online,Medium,Small-scale Dairy Farming,Agriculture,0.61
39,Female,Urban,High (50k+),"Cooking, Snack Making",Beauty,Offline,High,Event Photography,Creative Services,0.75
36,Female,Semi-Urban,High (50k+),"Cooking, Snack Making",Art & Craft,Offline,High,Home Cleaning Services,Domestic Services,0.84
35,Female,Semi-Urban,Medium (10k–50k),"Smartphone Usage, Online Sales",Clothing,Offline,Low,Small-scale Dairy Farming,Agriculture,0.79
47,Female,Rural,Low (0–10k),"Farming, Animal Care",Art & Craft,Both,Low,Beauty & Hair Care Services,Beauty,0.75
22,Female,Urban,Low (0–10k),"Cleaning, Domestic Work",Agriculture,Both,Low,Event Photography,Creative Services,0.67
26,Female,Semi-Urban,High (50k+),"Beautician, Hair Styling",Retail,Offline,High,Beauty & Hair Care Services,Beauty,0.85
39,Female,Urban,Medium (10k–50k),"Farming, Animal Care",Art & Craft,Online,Low,Beauty & Hair Care Services,Beauty,0.81
20,Female,Semi-Urban,Medium (10k–50k),"Tailoring, Stitching",Art & Craft,Online,Low,Event Photography,Creative Services,0.93
23,Female,Rural,Medium (10k–50k),"Cooking, Snack Making",Technology,Offline,Low,WhatsApp-based Reselling,E-commerce,0.65
26,Female,Rural,High (50k+),"Handicrafts, Weaving",Technology,Offline,High,Small-scale Dairy Farming,Agriculture,0.87
25,Male,Rural,Medium (10k–50k),"Teaching Kids, Storytelling",Beauty,Online,High,Homemade Pickle & Snack Sales,Food & Beverage,0.8
24,Female,Urban,Low (0–10k),"Cooking, Snack Making",Education,Online,Low,Plant Nursery Business,Agriculture,0.64
49,Female,Urban,High (50k+),"Tailoring, Stitching",Food,Online,High,WhatsApp-based Reselling,E-commerce,0.85
31,Male,Urban,Medium (10k–50k),"Smartphone Usage, Online Sales",Art & Craft,Online,Low,Home-based Tailoring Service,Apparel,0.78
34,Female,Rural,Low (0–10k),"Photography, Video Editing",Food,Online,Low,Home Tuition for Kids,Education,0.72
41,Male,Rural,Medium (10k–50k),"Teaching Kids, Storytelling",Art & Craft,Online,High,Plant Nursery Business,Agriculture,0.67
25,Male,Rural,Low (0–10k),"Beautician, Hair Styling",Art & Craft,Online,High,Small-scale Dairy Farming,Agriculture,0.87
42,Female,Urban,Medium (10k–50k),"Farming, Animal Care",Beauty,Online,Low,Beauty & Hair Care Services,Beauty,0.89
29,Female,Urban,High (50k+),"Teaching Kids, Storytelling",Technology,Online,High,Event Photography,Creative Services,0.7
29,Male,Urban,High (50k+),"Photography, Video Editing",Art & Craft,Online,Low,WhatsApp-based Reselling,E-commerce,0.84
42,Female,Rural,Medium (10k–50k),"Smartphone Usage, Online Sales",Agriculture,Offline,Medium,Home-based Tailoring Service,Apparel,0.87
38,Female,Rural,High (50k+),"Photography, Video Editing",Beauty,Both,High,Home-based Tailoring Service,Apparel,0.83
49,Male,Rural,Medium (10k–50k),"Smartphone Usage, Online Sales",Art & Craft,Offline,Medium,Homemade Pickle & Snack Sales,Food & Beverage,0.64
24,Female,Urban,Medium (10k–50k),"Cleaning, Domestic Work",Clothing,Online,Low,Plant Nursery Business,Agriculture,0.67
20,Male,Semi-Urban,Medium (10k–50k),"Beautician, Hair Styling",Education,Both,Medium,Home Cleaning Services,Domestic Services,0.84
37,Female,Semi-Urban,Low (0–10k),"Beautician, Hair Styling",Retail,Both,Medium,Home Cleaning Services,Domestic Services,0.69
22,Male,Urban,High (50k+),"Beautician, Hair Styling",Education,Offline,High,Plant Nursery Business,Agriculture,0.63
49,Female,Rural,Medium (10k–50k),"Handicrafts, Weaving",Retail,Online,High,Home Cleaning Services,Domestic Services,0.63
30,Female,Semi-Urban,High (50k+),"Smartphone Usage, Online Sales",Clothing,Both,Medium,Home Cleaning Services,Domestic Services,0.91
39,Female,Rural,High (50k+),"Smartphone Usage, Online Sales",Art & Craft,Offline,Medium,Small-scale Dairy Farming,Agriculture,0.78
22,Female,Rural,High (50k+),"Cleaning, Domestic Work",Art & Craft,Offline,Medium,Event Photography,Creative Services,0.82
33,Male,Urban,Low (0–10k),"Gardening, Plant Care",Agriculture,Offline,Low,Homemade Pickle & Snack Sales,Food & Beverage,0.68
28,Male,Urban,High (50k+),"Teaching Kids, Storytelling",Art & Craft,Online,Medium,WhatsApp-based Reselling,E-commerce,0.92
29,Female,Semi-Urban,High (50k+),"Handicrafts, Weaving",Beauty,Offline,High,Plant Nursery Business,Agriculture,0.81
34,Male,Rural,Low (0–10k),"Photography, Video Editing",Beauty,Offline,High,Home-based Tailoring Service,Apparel,0.84
49,Female,Urban,Low (0–10k),"Photography, Video Editing",Retail,Offline,Low,Beauty & Hair Care Services,Beauty,0.91
23,Female,Semi-Urban,Medium (10k–50k),"Handicrafts, Weaving",Agriculture,Offline,Low,Home Cleaning Services,Domestic Services,0.86
40,Female,Semi-Urban,Medium (10k–50k),"Smartphone Usage, Online Sales",Retail,Online,High,Event Photography,Creative Services,0.91
32,Female,Urban,Medium (10k–50k),"Farming, Animal Care",Retail,Both,Low,Beauty & Hair Care Services,Beauty,0.82
27,Female,Urban,Medium (10k–50k),"Farming, Animal Care",Clothing,Offline,High,Handmade Craft & Jewelry Sales,Art & Craft,0.9
36,Female,Urban,High (50k+),"Farming, Animal Care",Clothing,Both,Low,Beauty & Hair Care Services,Beauty,0.65
27,Female,Semi-Urban,Low (0–10k),"Cooking, Snack Making",Art & Craft,Online,Medium,Beauty & Hair Care Services,Beauty,0.83
48,Male,Urban,Low (0–10k),"Smartphone Usage, Online Sales",Technology,Online,High,Home Cleaning Services,Domestic Services,0.6
21,Female,Semi-Urban,Low (0–10k),"Teaching Kids, Storytelling",Technology,Online,Low,Beauty & Hair Care Services,Beauty,0.63
33,Female,Semi-Urban,Low (0–10k),"Tailoring, Stitching",Education,Offline,Low,Home Cleaning Services,Domestic Services,0.94
21,Female,Urban,High (50k+),"Beautician, Hair Styling",Beauty,Both,Low,Beauty & Hair Care Services,Beauty,0.75
32,Male,Semi-Urban,High (50k+),"Photography, Video Editing",Clothing,Both,Medium,Home-based Tailoring Service,Apparel,0.67
23,Female,Rural,Low (0–10k),"Gardening, Plant Care",Agriculture,Both,Medium,Beauty & Hair Care Services,Beauty,0.87
36,Female,Semi-Urban,High (50k+),"Handicrafts, Weaving",Agriculture,Both,High,Plant Nursery Business,Agriculture,0.77
41,Male,Urban,Medium (10k–50k),"Teaching Kids, Storytelling",Art & Craft,Online,High,WhatsApp-based Reselling,E-commerce,0.79
30,Male,Rural,Medium (10k–50k),"Teaching Kids, Storytelling",Education,Offline,Low,Handmade Craft & Jewelry Sales,Art & Craft,0.92
34,Male,Semi-Urban,High (50k+),"Cooking, Snack Making",Food,Online,Low,WhatsApp-based Reselling,E-commerce,0.7
45,Female,Semi-Urban,High (50k+),"Photography, Video Editing",Agriculture,Offline,Low,Home Cleaning Services,Domestic Services,0.83
44,Female,Semi-Urban,Medium (10k–50k),"Photography, Video Editing",Clothing,Offline,Medium,Home-based Tailoring Service,Apparel,0.64
25,Male,Semi-Urban,Low (0–10k),"Farming, Animal Care",Agriculture,Online,Low,WhatsApp-based Reselling,E-commerce,0.75
38,Female,Semi-Urban,Medium (10k–50k),"Cleaning, Domestic Work",Retail,Online,High,Small-scale Dairy Farming,Agriculture,0.72
32,Female,Semi-Urban,Low (0–10k),"Cooking, Snack Making",Art & Craft,Offline,Low,Small-scale Dairy Farming,Agriculture,0.94
20,Female,Urban,Medium (10k–50k),"Gardening, Plant Care",Clothing,Both,Low,Beauty & Hair Care Services,Beauty,0.61
35,Female,Semi-Urban,High (50k+),"Teaching Kids, Storytelling",Technology,Offline,Low,Beauty & Hair Care Services,Beauty,0.78
20,Female,Urban,Low (0–10k),"Beautician, Hair Styling",Beauty,Offline,Medium,Beauty & Hair Care Services,Beauty,0.76
33,Female,Semi-Urban,Low (0–10k),"Farming, Animal Care",Clothing,Offline,Medium,WhatsApp-based Reselling,E-commerce,0.81
25,Male,Rural,Medium (10k–50k),"Farming, Animal Care",Technology,Online,Medium,Event Photography,Creative Services,0.83
33,Female,Semi-Urban,Medium (10k–50k),"Beautician, Hair Styling",Food,Online,High,Home-based Tailoring Service,Apparel,0.75
41,Female,Urban,Low (0–10k),"Handicrafts, Weaving",Art & Craft,Online,High,Homemade Pickle & Snack Sales,Food & Beverage,0.7
36,Female,Semi-Urban,High (50k+),"Beautician, Hair Styling",Food,Both,Medium,WhatsApp-based Reselling,E-commerce,0.71
30,Female,Urban,Low (0–10k),"Cleaning, Domestic Work",Agriculture,Online,Low,Homemade Pickle & Snack Sales,Food & Beverage,0.73
50,Female,Urban,Low (0–10k),"Teaching Kids, Storytelling",Clothing,Offline,Medium,WhatsApp-based Reselling,E-commerce,0.72
22,Female,Semi-Urban,High (50k+),"Farming, Animal Care",Technology,Both,Medium,Handmade Craft & Jewelry Sales,Art & Craft,0.73
31,Female,Rural,High (50k+),"Tailoring, Stitching",Clothing,Offline,Medium,Homemade Pickle & Snack Sales,Food & Beverage,0.82
26,Male,Urban,Medium (10k–50k),"Smartphone Usage, Online Sales",Beauty,Offline,High,Home Tuition for Kids,Education,0.65
33,Female,Urban,Medium (10k–50k),"Beautician, Hair Styling",Technology,Online,Low,Event Photography,Creative Services,0.66
46,Male,Semi-Urban,High (50k+),"Teaching Kids, Storytelling",Education,Offline,Medium,Home Tuition for Kids,Education,0.64
48,Female,Rural,Low (0–10k),"Cooking, Snack Making",Retail,Offline,Low,Home Tuition for Kids,Education,0.67
43,Female,Semi-Urban,Medium (10k–50k),"Cooking, Snack Making",Technology,Online,Low,Beauty & Hair Care Services,Beauty,0.87
34,Female,Rural,High (50k+),"Teaching Kids, Storytelling",Food,Both,High,Small-scale Dairy Farming,Agriculture,0.62
43,Male,Semi-Urban,High (50k+),"Beautician, Hair Styling",Beauty,Online,High,Home Tuition for Kids,Education,0.64
23,Female,Urban,Medium (10k–50k),"Smartphone Usage, Online Sales",Art & Craft,Both,Low,Event Photography,Creative Services,0.62
46,Female,Semi-Urban,High (50k+),"Photography, Video Editing",Food,Online,Medium,Home Cleaning Services,Domestic Services,0.68
39,Female,Semi-Urban,Low (0–10k),"Gardening, Plant Care",Art & Craft,Offline,Medium,Beauty & Hair Care Services,Beauty,0.86
24,Female,Rural,Low (0–10k),"Beautician, Hair Styling",Education,Offline,High,Handmade Craft & Jewelry Sales,Art & Craft,0.88
48,Female,Urban,Low (0–10k),"Handicrafts, Weaving",Education,Offline,Low,Small-scale Dairy Farming,Agriculture,0.8
48,Male,Urban,Low (0–10k),"Smartphone Usage, Online Sales",Technology,Online,Low,Handmade Craft & Jewelry Sales,Art & Craft,0.77
22,Female,Urban,High (50k+),"Beautician, Hair Styling",Clothing,Online,High,Beauty & Hair Care Services,Beauty,0.81
23,Female,Urban,Low (0–10k),"Farming, Animal Care",Retail,Offline,Medium,Beauty & Hair Care Services,Beauty,0.68
33,Female,Rural,High (50k+),"Smartphone Usage, Online Sales",Food,Offline,High,Small-scale Dairy Farming,Agriculture,0.93
22,Male,Rural,Low (0–10k),"Farming, Animal Care",Retail,Both,High,Home-based Tailoring Service,Apparel,0.81
42,Male,Rural,High (50k+),"Handicrafts, Weaving",Beauty,Online,Medium,WhatsApp-based Reselling,E-commerce,0.8
20,Female,Urban,Medium (10k–50k),"Teaching Kids, Storytelling",Clothing,Online,Medium,Homemade Pickle & Snack Sales,Food & Beverage,0.9
35,Female,Urban,High (50k+),"Photography, Video Editing",Retail,Offline,Medium,Small-scale Dairy Farming,Agriculture,0.62
50,Female,Rural,High (50k+),"Cleaning, Domestic Work",Beauty,Both,High,Event Photography,Creative Services,0.62
33,Female,Semi-Urban,Low (0–10k),"Cooking, Snack Making",Retail,Online,High,Homemade Pickle & Snack Sales,Food & Beverage,0.79
37,Female,Urban,High (50k+),"Teaching Kids, Storytelling",Art & Craft,Online,High,Handmade Craft & Jewelry Sales,Art & Craft,0.9
26,Female,Semi-Urban,Low (0–10k),"Cleaning, Domestic Work",Education,Both,High,Handmade Craft & Jewelry Sales,Art & Craft,0.85
21,Female,Semi-Urban,Medium (10k–50k),"Beautician, Hair Styling",Art & Craft,Offline,Medium,Beauty & Hair Care Services,Beauty,0.68
23,Male,Rural,Low (0–10k),"Farming, Animal Care",Art & Craft,Both,High,WhatsApp-based Reselling,E-commerce,0.91
26,Female,Semi-Urban,Medium (10k–50k),"Cooking, Snack Making",Clothing,Both,High,Home Tuition for Kids,Education,0.89
26,Female,Semi-Urban,Low (0–10k),"Photography, Video Editing",Retail,Offline,Low,Event Photography,Creative Services,0.87
47,Female,Semi-Urban,Low (0–10k),"Photography, Video Editing",Art & Craft,Offline,Medium,Home-based Tailoring Service,Apparel,0.69
50,Female,Urban,Medium (10k–50k),"Beautician, Hair Styling",Beauty,Online,Low,Beauty & Hair Care Services,Beauty,0.83
45,Female,Urban,Low (0–10k),"Cooking, Snack Making",Beauty,Both,High,Beauty & Hair Care Services,Beauty,0.73
50,Female,Urban,Medium (10k–50k),"Cleaning, Domestic Work",Education,Offline,High,Handmade Craft & Jewelry Sales,Art & Craft,0.68
45,Female,Rural,High (50k+),"Gardening, Plant Care",Beauty,Offline,Medium,Small-scale Dairy Farming,Agriculture,0.72
26,Male,Rural,High (50k+),"Farming, Animal Care",Clothing,Online,Low,Home-based Tailoring Service,Apparel,0.76
35,Female,Rural,High (50k+),"Teaching Kids, Storytelling",Food,Both,High,Small-scale Dairy Farming,Agriculture,0.94
31,Female,Urban,High (50k+),"Photography, Video Editing",Agriculture,Offline,High,Plant Nursery Business,Agriculture,0.92
39,Female,Rural,Medium (10k–50k),"Beautician, Hair Styling",Retail,Online,High,Handmade Craft & Jewelry Sales,Art & Craft,0.68
47,Female,Urban,High (50k+),"Teaching Kids, Storytelling",Beauty,Both,Low,Home Tuition for Kids,Education,0.92
31,Female,Urban,Low (0–10k),"Tailoring, Stitching",Food,Online,High,Home Tuition for Kids,Education,0.8
45,Female,Urban,Medium (10k–50k),"Photography, Video Editing",Food,Online,Low,Small-scale Dairy Farming,Agriculture,0.7
21,Female,Urban,Low (0–10k),"Cooking, Snack Making",Beauty,Both,High,Home Cleaning Services,Domestic Services,0.62
35,Male,Urban,Low (0–10k),"Farming, Animal Care",Agriculture,Online,High,Plant Nursery Business,Agriculture,0.82
29,Male,Semi-Urban,Medium (10k–50k),"Cooking, Snack Making",Art & Craft,Both,High,Home Tuition for Kids,Education,0.78
34,Female,Urban,High (50k+),"Tailoring, Stitching",Retail,Online,High,Handmade Craft & Jewelry Sales,Art & Craft,0.86
22,Male,Rural,Low (0–10k),"Cleaning, Domestic Work",Clothing,Both,Low,Handmade Craft & Jewelry Sales,Art & Craft,0.91
38,Female,Semi-Urban,Medium (10k–50k),"Gardening, Plant Care",Beauty,Both,High,Home Tuition for Kids,Education,0.74
50,Female,Semi-Urban,Low (0–10k),"Smartphone Usage, Online Sales",Agriculture,Offline,Medium,Home Cleaning Services,Domestic Services,0.82
27,Female,Semi-Urban,Low (0–10k),"Smartphone Usage, Online Sales",Education,Offline,High,Home Tuition for Kids,Education,0.86
50,Female,Rural,Low (0–10k),"Handicrafts, Weaving",Beauty,Both,Medium,Beauty & Hair Care Services,Beauty,0.65
41,Female,Semi-Urban,High (50k+),"Smartphone Usage, Online Sales",Beauty,Offline,Low,Home Tuition for Kids,Education,0.85
39,Male,Rural,Low (0–10k),"Beautician, Hair Styling",Art & Craft,Both,High,Plant Nursery Business,Agriculture,0.79
39,Female,Semi-Urban,Medium (10k–50k),"Smartphone Usage, Online Sales",Art & Craft,Offline,Medium,Homemade Pickle & Snack Sales,Food & Beverage,0.91
32,Female,Semi-Urban,Medium (10k–50k),"Gardening, Plant Care",Food,Online,Medium,Home Cleaning Services,Domestic Services,0.6
37,Female,Semi-Urban,High (50k+),"Farming, Animal Care",Retail,Online,Low,WhatsApp-based Reselling,E-commerce,0.61
22,Female,Urban,Low (0–10k),"Farming, Animal Care",Clothing,Offline,High,Event Photography,Creative Services,0.93
32,Female,Semi-Urban,High (50k+),"Beautician, Hair Styling",Art & Craft,Both,Medium,Home-based Tailoring Service,Apparel,0.79
35,Female,Rural,Medium (10k–50k),"Smartphone Usage, Online Sales",Education,Both,Low,Beauty & Hair Care Services,Beauty,0.77
23,Female,Semi-Urban,Medium (10k–50k),"Teaching Kids, Storytelling",Beauty,Offline,Medium,Homemade Pickle & Snack Sales,Food & Beverage,0.62
25,Female,Urban,Low (0–10k),"Cooking, Snack Making",Education,Offline,Low,Home Cleaning Services,Domestic Services,0.77
20,Female,Urban,Low (0–10k),"Tailoring, Stitching",Food,Both,High,WhatsApp-based Reselling,E-commerce,0.94
37,Female,Semi-Urban,High (50k+),"Cooking, Snack Making",Food,Both,Medium,Event Photography,Creative Services,0.87
33,Male,Rural,Medium (10k–50k),"Cooking, Snack Making",Food,Offline,High,Small-scale Dairy Farming,Agriculture,0.87
43,Female,Rural,High (50k+),"Handicrafts, Weaving",Retail,Both,Low,Plant Nursery Business,Agriculture,0.64
44,Female,Urban,Low (0–10k),"Tailoring, Stitching",Beauty,Online,Medium,Plant Nursery Business,Agriculture,0.7
31,Female,Semi-Urban,Medium (10k–50k),"Cooking, Snack Making",Art & Craft,Offline,Medium,Home-based Tailoring Service,Apparel,0.86
44,Female,Urban,Low (0–10k),"Handicrafts, Weaving",Clothing,Both,Medium,Beauty & Hair Care Services,Beauty,0.87
24,Female,Semi-Urban,Medium (10k–50k),"Cleaning, Domestic Work",Beauty,Both,High,Event Photography,Creative Services,0.86
38,Female,Urban,Medium (10k–50k),"Teaching Kids, Storytelling",Retail,Offline,Medium,Home-based Tailoring Service,Apparel,0.81
38,Female,Urban,High (50k+),"Cleaning, Domestic Work",Education,Online,Medium,Handmade Craft & Jewelry Sales,Art & Craft,0.7
20,Male,Semi-Urban,Medium (10k–50k),"Tailoring, Stitching",Education,Both,High,Event Photography,Creative Services,0.77
42,Female,Urban,High (50k+),"Smartphone Usage, Online Sales",Beauty,Both,Low,Beauty & Hair Care Services,Beauty,0.76
40,Female,Semi-Urban,Medium (10k–50k),"Teaching Kids, Storytelling",Agriculture,Online,Low,Beauty & Hair Care Services,Beauty,0.86
36,Female,Urban,High (50k+),"Photography, Video Editing",Clothing,Both,Medium,Home Cleaning Services,Domestic Services,0.73
40,Female,Urban,High (50k+),"Smartphone Usage, Online Sales",Retail,Online,Medium,Beauty & Hair Care Services,Beauty,0.87
47,Female,Urban,Low (0–10k),"Cleaning, Domestic Work",Art & Craft,Offline,Medium,Home Cleaning Services,Domestic Services,0.87
30,Male,Semi-Urban,Low (0–10k),"Cooking, Snack Making",Beauty,Online,Medium,Event Photography,Creative Services,0.77
34,Female,Rural,Low (0–10k),"Cooking, Snack Making",Technology,Both,Medium,WhatsApp-based Reselling,E-commerce,0.88
24,Male,Semi-Urban,Medium (10k–50k),"Cooking, Snack Making",Clothing,Both,High,WhatsApp-based Reselling,E-commerce,0.68
25,Female,Urban,Medium (10k–50k),"Photography, Video Editing",Beauty,Online,Medium,Plant Nursery Business,Agriculture,0.81
26,Female,Semi-Urban,Medium (10k–50k),"Handicrafts, Weaving",Retail,Online,Low,Event Photography,Creative Services,0.71
30,Female,Semi-Urban,Medium (10k–50k),"Photography, Video Editing",Education,Online,Low,Homemade Pickle & Snack Sales,Food & Beverage,0.61
21,Female,Urban,Low (0–10k),"Photography, Video Editing",Beauty,Offline,High,Home Cleaning Services,Domestic Services,0.66
31,Female,Rural,Medium (10k–50k),"Cleaning, Domestic Work",Retail,Both,Medium,WhatsApp-based Reselling,E-commerce,0.91
38,Female,Rural,Low (0–10k),"Gardening, Plant Care",Retail,Online,High,Handmade Craft & Jewelry Sales,Art & Craft,0.94
40,Male,Rural,High (50k+),"Handicrafts, Weaving",Agriculture,Online,Medium,Beauty & Hair Care Services,Beauty,0.81
31,Female,Semi-Urban,Low (0–10k),"Tailoring, Stitching",Clothing,Offline,High,Beauty & Hair Care Services,Beauty,0.75
30,Male,Urban,High (50k+),"Cleaning, Domestic Work",Food,Online,High,Beauty & Hair Care Services,Beauty,0.67
24,Female,Rural,Low (0–10k),"Cooking, Snack Making",Food,Online,High,Home Tuition for Kids,Education,0.9
41,Female,Semi-Urban,High (50k+),"Cleaning, Domestic Work",Education,Online,Low,Home Tuition for Kids,Education,0.76
37,Female,Urban,Low (0–10k),"Gardening, Plant Care",Clothing,Both,Medium,Small-scale Dairy Farming,Agriculture,0.95
33,Female,Semi-Urban,High (50k+),"Tailoring, Stitching",Beauty,Both,Low,WhatsApp-based Reselling,E-commerce,0.79
39,Female,Urban,High (50k+),"Smartphone Usage, Online Sales",Technology,Online,Medium,Homemade Pickle & Snack Sales,Food & Beverage,0.76
45,Female,Urban,Low (0–10k),"Tailoring, Stitching",Agriculture,Online,Low,Home-based Tailoring Service,Apparel,0.9
27,Female,Urban,High (50k+),"Handicrafts, Weaving",Clothing,Online,Low,Home Tuition for Kids,Education,0.72
29,Male,Semi-Urban,High (50k+),"Tailoring, Stitching",Art & Craft,Both,Medium,Beauty & Hair Care Services,Beauty,0.83
48,Female,Urban,Medium (10k–50k),"Cleaning, Domestic Work",Retail,Online,High,WhatsApp-based Reselling,E-commerce,0.63
37,Female,Urban,High (50k+),"Cooking, Snack Making",Education,Online,High,Plant Nursery Business,Agriculture,0.65
28,Female,Urban,High (50k+),"Farming, Animal Care",Technology,Offline,Medium,Home Tuition for Kids,Education,0.84
36,Female,Rural,High (50k+),"Gardening, Plant Care",Food,Both,High,Home-based Tailoring Service,Apparel,0.68
30,Female,Rural,Medium (10k–50k),"Handicrafts, Weaving",Technology,Online,Low,Beauty & Hair Care Services,Beauty,0.9
43,Female,Urban,Low (0–10k),"Smartphone Usage, Online Sales",Education,Both,Low,Home Cleaning Services,Domestic Services,0.86
23,Female,Rural,Medium (10k–50k),"Tailoring, Stitching",Clothing,Both,Medium,Handmade Craft & Jewelry Sales,Art & Craft,0.88
37,Male,Rural,High (50k+),"Teaching Kids, Storytelling",Beauty,Both,Medium,Home Tuition for Kids,Education,0.94
31,Female,Rural,High (50k+),"Beautician, Hair Styling",Beauty,Both,Medium,Home Cleaning Services,Domestic Services,0.74
38,Male,Urban,Low (0–10k),"Smartphone Usage, Online Sales",Art & Craft,Offline,Medium,Plant Nursery Business,Agriculture,0.65
23,Female,Urban,High (50k+),"Gardening, Plant Care",Technology,Online,High,Event Photography,Creative Services,0.87
33,Female,Rural,High (50k+),"Handicrafts, Weaving",Technology,Online,Low,Home Tuition for Kids,Education,0.79
44,Female,Urban,Medium (10k–50k),"Photography, Video Editing",Agriculture,Offline,Medium,Beauty & Hair Care Services,Beauty,0.67
48,Female,Semi-Urban,Low (0–10k),"Tailoring, Stitching",Technology,Online,High,Home-based Tailoring Service,Apparel,0.82
37,Male,Semi-Urban,Medium (10k–50k),"Smartphone Usage, Online Sales",Beauty,Online,High,Home Tuition for Kids,Education,0.69
31,Female,Urban,Medium (10k–50k),"Smartphone Usage, Online Sales",Beauty,Both,Medium,Home Cleaning Services,Domestic Services,0.87
40,Male,Urban,Medium (10k–50k),"Teaching Kids, Storytelling",Education,Online,High,Small-scale Dairy Farming,Agriculture,0.66
25,Female,Semi-Urban,High (50k+),"Teaching Kids, Storytelling",Agriculture,Online,Medium,Beauty & Hair Care Services,Beauty,0.78
44,Male,Rural,High (50k+),"Cooking, Snack Making",Clothing,Online,High,Home-based Tailoring Service,Apparel,0.93
31,Female,Urban,Low (0–10k),"Cooking, Snack Making",Education,Online,Medium,Plant Nursery Business,Agriculture,0.77
29,Female,Semi-Urban,Low (0–10k),"Tailoring, Stitching",Retail,Both,Medium,Small-scale Dairy Farming,Agriculture,0.82
36,Male,Semi-Urban,Low (0–10k),"Tailoring, Stitching",Clothing,Offline,High,Homemade Pickle & Snack Sales,Food & Beverage,0.88
20,Female,Urban,Low (0–10k),"Gardening, Plant Care",Agriculture,Offline,Medium,Plant Nursery Business,Agriculture,0.93
44,Female,Rural,High (50k+),"Tailoring, Stitching",Clothing,Offline,Medium,Plant Nursery Business,Agriculture,0.75
39,Female,Rural,Low (0–10k),"Beautician, Hair Styling",Technology,Both,Low,Small-scale Dairy Farming,Agriculture,0.73
38,Male,Rural,Medium (10k–50k),"Handicrafts, Weaving",Agriculture,Both,Medium,Small-scale Dairy Farming,Agriculture,0.93
36,Male,Rural,Medium (10k–50k),"Teaching Kids, Storytelling",Agriculture,Both,High,Handmade Craft & Jewelry Sales,Art & Craft,0.7
22,Female,Semi-Urban,Low (0–10k),"Beautician, Hair Styling",Food,Both,Medium,Home Cleaning Services,Domestic Services,0.74
44,Female,Urban,Medium (10k–50k),"Tailoring, Stitching",Technology,Online,Low,Homemade Pickle & Snack Sales,Food & Beverage,0.61
30,Female,Semi-Urban,High (50k+),"Cooking, Snack Making",Education,Offline,Medium,Beauty & Hair Care Services,Beauty,0.76
27,Female,Rural,Low (0–10k),"Tailoring, Stitching",Art & Craft,Both,Low,Homemade Pickle & Snack Sales,Food & Beverage,0.9
27,Female,Urban,Low (0–10k),"Farming, Animal Care",Education,Offline,Medium,Plant Nursery Business,Agriculture,0.68
42,Female,Rural,Medium (10k–50k),"Cooking, Snack Making",Technology,Offline,High,Home Tuition for Kids,Education,0.66
46,Female,Semi-Urban,Medium (10k–50k),"Cooking, Snack Making",Education,Both,Low,Home-based Tailoring Service,Apparel,0.76
46,Female,Urban,Low (0–10k),"Farming, Animal Care",Education,Online,High,Plant Nursery Business,Agriculture,0.65
42,Female,Rural,High (50k+),"Beautician, Hair Styling",Art & Craft,Offline,Low,Homemade Pickle & Snack Sales,Food & Beverage,0.73
21,Female,Semi-Urban,Low (0–10k),"Beautician, Hair Styling",Retail,Online,High,Beauty & Hair Care Services,Beauty,0.68
42,Male,Urban,Low (0–10k),"Smartphone Usage, Online Sales",Food,Online,High,Home Cleaning Services,Domestic Services,0.72
22,Female,Rural,Medium (10k–50k),"Cooking, Snack Making",Clothing,Online,Low,Plant Nursery Business,Agriculture,0.76
26,Female,Semi-Urban,Medium (10k–50k),"Photography, Video Editing",Education,Offline,Low,Plant Nursery Business,Agriculture,0.92
49,Female,Urban,High (50k+),"Tailoring, Stitching",Art & Craft,Both,Medium,Home Cleaning Services,Domestic Services,0.89
33,Male,Rural,High (50k+),"Smartphone Usage, Online Sales",Food,Both,Low,Beauty & Hair Care Services,Beauty,0.7
37,Female,Urban,Medium (10k–50k),"Farming, Animal Care",Beauty,Both,Medium,Beauty & Hair Care Services,Beauty,0.67
20,Female,Rural,Medium (10k–50k),"Smartphone Usage, Online Sales",Retail,Online,Medium,Home Tuition for Kids,Education,0.75
50,Female,Urban,Low (0–10k),"Tailoring, Stitching",Education,Online,High,WhatsApp-based Reselling,E-commerce,0.72
37,Female,Semi-Urban,Low (0–10k),"Handicrafts, Weaving",Agriculture,Offline,Low,Event Photography,Creative Services,0.92
46,Female,Semi-Urban,Medium (10k–50k),"Cleaning, Domestic Work",Art & Craft,Offline,Medium,Small-scale Dairy Farming,Agriculture,0.83
41,Female,Urban,High (50k+),"Farming, Animal Care",Education,Online,Medium,Home-based Tailoring Service,Apparel,0.83
29,Female,Rural,Low (0–10k),"Tailoring, Stitching",Education,Both,High,Small-scale Dairy Farming,Agriculture,0.64
28,Male,Urban,High (50k+),"Cooking, Snack Making",Retail,Both,Medium,Homemade Pickle & Snack Sales,Food & Beverage,0.78
23,Female,Rural,Medium (10k–50k),"Beautician, Hair Styling",Clothing,Online,Low,Homemade Pickle & Snack Sales,Food & Beverage,0.73
37,Female,Rural,Low (0–10k),"Farming, Animal Care",Beauty,Online,Medium,Beauty & Hair Care Services,Beauty,0.93
27,Female,Rural,Medium (10k–50k),"Beautician, Hair Styling",Beauty,Both,Medium,WhatsApp-based Reselling,E-commerce,0.83
28,Female,Urban,Medium (10k–50k),"Farming, Animal Care",Clothing,Online,Low,Homemade Pickle & Snack Sales,Food & Beverage,0.7
20,Female,Urban,High (50k+),"Cleaning, Domestic Work",Clothing,Offline,Medium,Homemade Pickle & Snack Sales,Food & Beverage,0.84
45,Female,Rural,High (50k+),"Gardening, Plant Care",Retail,Both,Medium,WhatsApp-based Reselling,E-commerce,0.95
30,Female,Urban,High (50k+),"Gardening, Plant Care",Retail,Both,High,Home Tuition for Kids,Education,0.93
47,Female,Urban,Medium (10k–50k),"Cleaning, Domestic Work",Art & Craft,Both,High,Beauty & Hair Care Services,Beauty,0.72
34,Female,Rural,High (50k+),"Smartphone Usage, Online Sales",Food,Both,High,Home Cleaning Services,Domestic Services,0.94
34,Female,Rural,Low (0–10k),"Gardening, Plant Care",Retail,Offline,Medium,WhatsApp-based Reselling,E-commerce,0.82
36,Female,Semi-Urban,Low (0–10k),"Teaching Kids, Storytelling",Agriculture,Both,Medium,Event Photography,Creative Services,0.79
38,Female,Rural,High (50k+),"Handicrafts, Weaving",Art & Craft,Both,Low,Homemade Pickle & Snack Sales,Food & Beverage,0.7
41,Female,Semi-Urban,Low (0–10k),"Farming, Animal Care",Art & Craft,Both,High,Plant Nursery Business,Agriculture,0.91
49,Female,Urban,Medium (10k–50k),"Farming, Animal Care",Retail,Offline,Low,Home-based Tailoring Service,Apparel,0.69
35,Female,Semi-Urban,Low (0–10k),"Cleaning, Domestic Work",Art & Craft,Online,Low,Homemade Pickle & Snack Sales,Food & Beverage,0.73
22,Female,Urban,Medium (10k–50k),"Handicrafts, Weaving",Art & Craft,Both,Low,Plant Nursery Business,Agriculture,0.72
24,Female,Semi-Urban,Low (0–10k),"Cooking, Snack Making",Art & Craft,Both,High,Small-scale Dairy Farming,Agriculture,0.89
24,Female,Rural,High (50k+),"Smartphone Usage, Online Sales",Food,Online,Low,Home Tuition for Kids,Education,0.66
36,Female,Urban,Medium (10k–50k),"Tailoring, Stitching",Retail,Online,Medium,Home-based Tailoring Service,Apparel,0.94
41,Female,Rural,Medium (10k–50k),"Smartphone Usage, Online Sales",Clothing,Online,Medium,Home Cleaning Services,Domestic Services,0.76
27,Female,Semi-Urban,Low (0–10k),"Cleaning, Domestic Work",Clothing,Both,High,Home-based Tailoring Service,Apparel,0.93
34,Female,Urban,Medium (10k–50k),"Photography, Video Editing",Food,Offline,Low,WhatsApp-based Reselling,E-commerce,0.7
34,Female,Rural,Low (0–10k),"Cleaning, Domestic Work",Education,Both,Medium,WhatsApp-based Reselling,E-commerce,0.93
47,Female,Rural,Medium (10k–50k),"Photography, Video Editing",Clothing,Online,Low,Beauty & Hair Care Services,Beauty,0.69
42,Female,Urban,Medium (10k–50k),"Smartphone Usage, Online Sales",Food,Offline,Low,Beauty & Hair Care Services,Beauty,0.75
34,Female,Rural,Low (0–10k),"Tailoring, Stitching",Clothing,Both,Low,Home Tuition for Kids,Education,0.76
30,Female,Urban,Medium (10k–50k),"Photography, Video Editing",Clothing,Online,Low,Home-based Tailoring Service,Apparel,0.66
48,Female,Semi-Urban,High (50k+),"Gardening, Plant Care",Education,Both,Low,Home-based Tailoring Service,Apparel,0.75
22,Female,Urban,Low (0–10k),"Gardening, Plant Care",Technology,Online,Low,Event Photography,Creative Services,0.64
39,Female,Urban,Medium (10k–50k),"Smartphone Usage, Online Sales",Art & Craft,Offline,Low,Event Photography,Creative Services,0.74
24,Female,Rural,Medium (10k–50k),"Beautician, Hair Styling",Education,Offline,Medium,Small-scale Dairy Farming,Agriculture,0.68
44,Female,Semi-Urban,Medium (10k–50k),"Handicrafts, Weaving",Education,Offline,Low,Small-scale Dairy Farming,Agriculture,0.66
34,Female,Rural,Low (0–10k),"Photography, Video Editing",Education,Offline,Medium,Homemade Pickle & Snack Sales,Food & Beverage,0.68
26,Male,Rural,High (50k+),"Farming, Animal Care",Food,Offline,High,Home Tuition for Kids,Education,0.84
39,Female,Urban,Low (0–10k),"Beautician, Hair Styling",Food,Offline,High,Homemade Pickle & Snack Sales,Food & Beverage,0.82
30,Female,Semi-Urban,High (50k+),"Gardening, Plant Care",Retail,Both,Low,Home-based Tailoring Service,Apparel,0.76
29,Female,Semi-Urban,Medium (10k–50k),"Gardening, Plant Care",Art & Craft,Both,High,Event Photography,Creative Services,0.66
44,Female,Rural,Low (0–10k),"Cooking, Snack Making",Beauty,Both,Medium,Small-scale Dairy Farming,Agriculture,0.76
31,Female,Rural,Low (0–10k),"Teaching Kids, Storytelling",Agriculture,Both,Low,Home Tuition for Kids,Education,0.74
39,Female,Semi-Urban,Low (0–10k),"Handicrafts, Weaving",Education,Both,High,Home-based Tailoring Service,Apparel,0.61
50,Female,Semi-Urban,High (50k+),"Gardening, Plant Care",Beauty,Offline,Low,Plant Nursery Business,Agriculture,0.84
44,Female,Urban,Low (0–10k),"Gardening, Plant Care",Beauty,Both,Medium,Small-scale Dairy Farming,Agriculture,0.92
45,Female,Urban,Low (0–10k),"Photography, Video Editing",Food,Both,Low,Handmade Craft & Jewelry Sales,Art & Craft,0.93
31,Female,Semi-Urban,High (50k+),"Tailoring, Stitching",Clothing,Online,High,Event Photography,Creative Services,0.76
22,Female,Urban,High (50k+),"Handicrafts, Weaving",Education,Both,High,Handmade Craft & Jewelry Sales,Art & Craft,0.87
46,Female,Rural,Medium (10k–50k),"Teaching Kids, Storytelling",Clothing,Offline,Low,WhatsApp-based Reselling,E-commerce,0.94
28,Female,Urban,Low (0–10k),"Farming, Animal Care",Education,Both,High,Plant Nursery Business,Agriculture,0.95
